,Unnamed: 0,id,source,prompt,ramc_completion,completion_type,completion,completion_string,simplified_gt,simplified_gen,simplified_concepts,simplified_edge_correct
2,2,2,experiment_samples/modeling.gmp.gmf-tooling!!plugins_org.eclipse.gmf.graphdef_models_gmfgraph.ecore/test_samples.jsonl,"['EPackage.gmfgraph','EClass.DefaultSizeFacet']"," 0 1 ""{'changeType': 'Add', 'type': 'reference', 'referenceTypeName': 'eStructuralFeatures'}"" _ ""{'changeType': 'Add', 'type': 'object', 'className': 'EReference', 'attributes': {'id': '_aWSc9N6tEei97MD7GK1RmA', 'name':'defaultSize','ordered':'true','unique':'true','lowerBound':'0','upperBound':'1','many':'false','required':'false','eType':'Dimension','eGenericType':'org.eclipse.emf.ecore.impl.EGenericTypeImpl@2e2e0867 (expression: Dimension)','changeable':'true','volatile':'false','transient':'false','unsettable':'false','derived':'false','eContainingClass':'DefaultSizeFacet','containment':'true','container':'false','resolveProxies':'true','eReferenceType':'Dimension'}}""

$$",['Add_node'],"['EClass.DefaultSizeFacet','EReference.defaultSize']","[""['EPackage.gmfgraph', 'EClass.WidthFacet'], ['""]","['EClass.DefaultSizeFacet','EReference.defaultSize']","['EPackage.gmfgraph','EClass.WidthFacet']",EPackage.gmfgraph,False
3,3,3,experiment_samples/technology.cbi!!org.eclipse.b3.build_model_B3Build.ecore/test_samples.jsonl,"['EClass.ProvidesPredicate','EOperation.matches'],['EClass.ProvidesPredicate','EOperation.matches'],['EOperation.matches','EParameter.candidate']"," 1 0 ""{'changeType': 'Add', 'type': 'reference', 'referenceTypeName': 'eParameters'}"" _ ""{'changeType': 'Add', 'type': 'object', 'className': 'EParameter', 'attributes': {'id': '_bpgxNd6zEei97MD7GK1RmA', 'name':'candidate','ordered':'true','unique':'true','lowerBound':'0','upperBound':'1','many':'false','required':'false','eType':'Capability','eGenericType':'org.eclipse.emf.ecore.impl.EGenericTypeImpl@7785bbe5 (expression: Capability)','eOperation':'matches'}}""

$$",['Add_node'],"['EOperation.matches','EParameter.candidate']","[""['EClass.ProvidesPredicate', 'EOperation.matches']].\n['E"", ""['EClass.ProvidesPredicate', 'EOperation.matches']].\n['E"", ""['EOperation.matches', 'EParameter.candidate'], ['EOperation.matches"", ""['EClass.ProvidesPredicate', 'EOperation.matches']].\n['E"", ""['EClass.ProvidesPredicate', 'EOperation.matches'], ['EClass"", ""['EClass.PerformedPredicate', 'EOperation.matches'], ['EClass"", ""['EClass.ProvidesPredicate', 'EOperation.matches'], ['EClass""]","['EOperation.matches','EParameter.candidate']","['EClass.ProvidesPredicate','EOperation.matches']",EOperation.matches,False
4,4,4,experiment_samples/technology.cbi!!org.eclipse.b3.build_model_B3Build.ecore/test_samples.jsonl,"['EClass.BuildContext','EOperation.getEffectiveBuildUnit']"," 0 1 ""{'changeType': 'Add', 'type': 'reference', 'referenceTypeName': 'eParameters'}"" _ ""{'changeType': 'Add', 'type': 'object', 'className': 'EParameter', 'attributes': {'id': '_ewiMaN6zEei97MD7GK1RmA', 'name':'unit','ordered':'true','unique':'true','lowerBound':'0','upperBound':'1','many':'false','required':'false','eType':'BuildUnit','eGenericType':'org.eclipse.emf.ecore.impl.EGenericTypeImpl@20c26698 (expression: BuildUnit)','eOperation':'getEffectiveBuildUnit'}}""

$$",['Add_node'],"['EOperation.getEffectiveBuildUnit','EParameter.unit']","[""['EClass.BuildContext', 'EOperation.getBuildUnit']].\n['""]","['EOperation.getEffectiveBuildUnit','EParameter.unit']","['EClass.BuildContext','EOperation.getBuildUnit']",EClass.BuildContext,False
5,5,5,experiment_samples/modeling.mmt.qvtd!!plugins_org.eclipse.qvtd.pivot.qvtimperative_model_QVTimperative.ecore/test_samples.jsonl,"['EReference.ownedExpression','EAnnotation.ownedExpression']"," 2 0 ""{'changeType': 'Add', 'type': 'reference', 'referenceTypeName': 'details'}"" _ ""{'changeType': 'Add', 'type': 'object', 'className': 'EStringToStringMapEntry', 'attributes': {'id': '_Nek4od6vEei97MD7GK1RmA', 'key':'documentation','value':'The optional expression computing initial content values.'}}""

$$",['Add_node'],"['EAnnotation.ownedExpression','EStringToStringMapEntry.documentation']","[""['EAnnotation.ownedExpression', 'EReference.ownedExpression']""]","['EAnnotation.ownedExpression','EStringToStringMapEntry.documentation']","['EAnnotation.ownedExpression','EReference.ownedExpression']",EAnnotation.ownedExpression,False
6,6,6,experiment_samples/modeling.mmt.qvtd!!plugins_org.eclipse.qvtd.pivot.qvtimperative_model_QVTimperative.ecore/test_samples.jsonl,"['EReference.referredTypedModel','EAnnotation.referredTypedModel']"," 0 1 ""{'changeType': 'Add', 'type': 'reference', 'referenceTypeName': 'details'}"" _ ""{'changeType': 'Add', 'type': 'object', 'className': 'EStringToStringMapEntry', 'attributes': {'id': '_Nek5Q96vEei97MD7GK1RmA', 'key':'documentation','value':'The TypedModel that contains the passed value.'}}""

$$",['Add_node'],"['EAnnotation.referredTypedModel','EStringToStringMapEntry.documentation']","[""['EReference.referredTypedModel', 'EDocument.referredTyped""]","['EAnnotation.referredTypedModel','EStringToStringMapEntry.documentation']",,,False
10,10,10,experiment_samples/modeling.emf.emf!!plugins_org.eclipse.emf.codegen.ecore_model_GenModel.ecore/test_samples.jsonl,"['EAnnotation.documentation','EStringToStringMapEntry.documentation'],['EAnnotation.documentation','EStringToStringMapEntry.suppressedIsSetVisibility'],['EAttribute.documentation','EAnnotation.documentation'],['EClass.GenClassifier','EAttribute.documentation']"," 2 1 ""{'changeType': 'Add', 'type': 'reference', 'referenceTypeName': 'details'}"" _ ""{'changeType': 'Add', 'type': 'object', 'className': 'EStringToStringMapEntry', 'attributes': {'id': '_ZLrE896tEei97MD7GK1RmA', 'key':'suppressedUnsetVisibility','value':'true'}}""

$$",['Add_node'],"['EAnnotation.documentation','EStringToStringMapEntry.suppressedUnsetVisibility']","[""['EAnnotation.documentation', 'EAnnotation.documentation']].\n['EAnnotation.documentation"", ""['EAnnotation.documentation', 'EStringToStringMapEntry.suppressedIsSet"", ""['EAttribute.entity', 'EAnnotation.entity'].\n['EAnnotation.documentation"", ""['EClass.GenClassifier', 'EAttribute.classification'], ['EClass"", ""['EAnnotation.documentation', 'EStringToStringMapEntry.documentation'],['EAnnotation"", ""['EAnnotation.documentation', 'EAnnotation.documentation']].\n['EAnnotation.username"", ""['EAnnotation.documentation', 'EAnnotation.documentation']].\n[['EAnnotation.documentation"", ""['EAnnotation.documentation', 'EStringToStringMapEntry.suppressed']]."", ""['EAnnotation.documentation', 'EStringToStringMapEntry.suppressedIsSet"", ""['EElement.documentation', 'EAnnotation.documentation']].\n['EAttribute.documentation"", ""['EAnnotation.documentation', 'EAnnotation.documentation']].\n['EAnnotation.documentation"", ""['EAnnotation.documentation', 'EAnnotation.documentation']].\n['EAnnotation.documentation"", ""['EAnnotation.documentation', 'EAnnotation.documentation']].\n[['Client', '"", ""['EAnnotation.documentation', 'EAnnotation.documentation'].\n['EAnnotation.documentation"", ""['EAnnotation.documentation', 'EAnnotation.documentation']]\n[[['Customer', '""]","['EAnnotation.documentation','EStringToStringMapEntry.suppressedUnsetVisibility']","['EAnnotation.documentation','EAnnotation.documentation']",EAnnotation.documentation,False
12,12,12,experiment_samples/modeling.mmt.qvt-oml!!plugins_org.eclipse.m2m.qvt.oml_model_QVTOperational.ecore/test_samples.jsonl,"['EClass.ExtendedVisitor','EOperation.visitBlockExp']"," 0 2 ""{'changeType': 'Add', 'type': 'reference', 'referenceTypeName': 'eParameters'}"" _ ""{'changeType': 'Add', 'type': 'object', 'className': 'EParameter', 'attributes': {'id': '_BFzAAt6vEei97MD7GK1RmA', 'name':'blockExp','ordered':'true','unique':'true','lowerBound':'1','upperBound':'1','many':'false','required':'true','eType':'BlockExp','eGenericType':'org.eclipse.emf.ecore.impl.EGenericTypeImpl@367969f2 (expression: BlockExp)','eOperation':'visitBlockExp'}}""

$$",['Add_node'],"['EOperation.visitBlockExp','EParameter.blockExp']","[""['EClass.ExtendedVisitor', 'EOperation.visitBlockIn']].""]","['EOperation.visitBlockExp','EParameter.blockExp']","['EClass.ExtendedVisitor','EOperation.visitBlockIn']",EClass.ExtendedVisitor,False
13,13,13,experiment_samples/tools.buckminster!!org.eclipse.buckminster.rmap_model_rmap.ecore/test_samples.jsonl,"['EEnum.VersionSelectorType','EEnumLiteral.TAG']"," 1 0 ""{'changeType': 'Add', 'type': 'reference', 'referenceTypeName': 'eLiterals'}"" _ ""{'changeType': 'Add', 'type': 'object', 'className': 'EEnumLiteral', 'attributes': {'id': '_n2IqKd60Eei97MD7GK1RmA', 'name':'BRANCH','value':'0','instance':'BRANCH','literal':'BRANCH','eEnum':'VersionSelectorType'}}""

$$",['Add_node'],"['EEnum.VersionSelectorType','EEnumLiteral.BRANCH']","[""['EEnum.CountrySelectorType', 'EEnumLiteral.Tag'].\n[['""]","['EEnum.VersionSelectorType','EEnumLiteral.BRANCH']","['EEnum.CountrySelectorType','EEnumLiteral.Tag']",EEnum.CountrySelectorType,False
14,14,14,experiment_samples/eclipse.e4!!bundles_org.eclipse.e4.ui.model.workbench_model_UIElements.ecore/test_samples.jsonl,"['EClass.Expression','EAnnotation.Expression']"," 2 1 ""{'changeType': 'Add', 'type': 'reference', 'referenceTypeName': 'details'}"" _ ""{'changeType': 'Add', 'type': 'object', 'className': 'EStringToStringMapEntry', 'attributes': {'id': '_XM4dIt6tEei97MD7GK1RmA', 'key':'documentation','value':'<p>\\r\\n<strong>Developers</strong>:\\r\\nAdd more detailed documentation by editing this comment in \\r\\norg.eclipse.ui.model.workbench/model/UIElements.ecore. \\r\\nThere is a GenModel/documentation node under ea'}}""

$$",['Add_node'],"['EAnnotation.Expression','EStringToStringMapEntry.documentation']","[""['EClass.Expression', 'EAnnotation.Expression']].\n[['EClass',""]","['EAnnotation.Expression','EStringToStringMapEntry.documentation']","['EClass.Expression','EAnnotation.Expression']",EClass.Expression,False
16,16,16,experiment_samples/eclipse.e4!!bundles_org.eclipse.e4.ui.model.workbench_model_UIElements.ecore/test_samples.jsonl,"['EClass.PartSashContainerElement','EAnnotation.PartSashContainerElement']"," 0 1 ""{'changeType': 'Add', 'type': 'reference', 'referenceTypeName': 'details'}"" _ ""{'changeType': 'Add', 'type': 'object', 'className': 'EStringToStringMapEntry', 'attributes': {'id': '_XM4eUN6tEei97MD7GK1RmA', 'key':'documentation','value':'<p>\\r\\n<strong>Developers</strong>:\\r\\nAdd more detailed documentation by editing this comment in \\r\\norg.eclipse.ui.model.workbench/model/UIElements.ecore. \\r\\nThere is a GenModel/documentation node under ea'}}""

$$",['Add_node'],"['EAnnotation.PartSashContainerElement','EStringToStringMapEntry.documentation']","[""['EClass.PartSashContainerElementType', 'EAnnotation.PartSash""]","['EAnnotation.PartSashContainerElement','EStringToStringMapEntry.documentation']",,,False
17,17,17,experiment_samples/eclipse.e4!!bundles_org.eclipse.e4.ui.model.workbench_model_UIElements.ecore/test_samples.jsonl,"['EReference.rootContext','EAnnotation.rootContext']"," 1 0 ""{'changeType': 'Add', 'type': 'reference', 'referenceTypeName': 'details'}"" _ ""{'changeType': 'Add', 'type': 'object', 'className': 'EStringToStringMapEntry', 'attributes': {'id': '_XM4cEN6tEei97MD7GK1RmA', 'key':'documentation','value':'<p>\\r\\n<strong>Developers</strong>:\\r\\nAdd more detailed documentation by editing this comment in \\r\\norg.eclipse.ui.model.workbench/model/UIElements.ecore. \\r\\nThere is a GenModel/documentation node under ea'}}""

$$",['Add_node'],"['EAnnotation.rootContext','EStringToStringMapEntry.documentation']","[""['EReference.rootContext', 'EClass.rootContext'], ['ER""]","['EAnnotation.rootContext','EStringToStringMapEntry.documentation']","['EReference.rootContext','EClass.rootContext']",EReference.rootContext,False
19,19,19,experiment_samples/eclipse.e4!!bundles_org.eclipse.e4.ui.model.workbench_model_UIElements.ecore/test_samples.jsonl,"['EAttribute.commandName','EAnnotation.commandName']"," 0 1 ""{'changeType': 'Add', 'type': 'reference', 'referenceTypeName': 'details'}"" _ ""{'changeType': 'Add', 'type': 'object', 'className': 'EStringToStringMapEntry', 'attributes': {'id': '_XM4cO96tEei97MD7GK1RmA', 'key':'documentation','value':'<p>\\r\\n<strong>Developers</strong>:\\r\\nAdd more detailed documentation by editing this comment in \\r\\norg.eclipse.ui.model.workbench/model/UIElements.ecore. \\r\\nThere is a GenModel/documentation node under ea'}}""

$$",['Add_node'],"['EAnnotation.commandName','EStringToStringMapEntry.documentation']","[""['EAttribute.commandName', 'EAnnotation.commandName']].\n['E""]","['EAnnotation.commandName','EStringToStringMapEntry.documentation']","['EAttribute.commandName','EAnnotation.commandName']",EAttribute.commandName,False
21,21,21,experiment_samples/eclipse.e4!!bundles_org.eclipse.e4.ui.model.workbench_model_UIElements.ecore/test_samples.jsonl,"['EAttribute.accessibilityPhrase','EAnnotation.accessibilityPhrase']"," 0 1 ""{'changeType': 'Add', 'type': 'reference', 'referenceTypeName': 'details'}"" _ ""{'changeType': 'Add', 'type': 'object', 'className': 'EStringToStringMapEntry', 'attributes': {'id': '_XM4c2d6tEei97MD7GK1RmA', 'key':'documentation','value':'<p>\\r\\n<strong>Developers</strong>:\\r\\nAdd more detailed documentation by editing this comment in \\r\\norg.eclipse.ui.model.workbench/model/UIElements.ecore. \\r\\nThere is a GenModel/documentation node under ea'}}""

$$",['Add_node'],"['EAnnotation.accessibilityPhrase','EStringToStringMapEntry.documentation']","[""['EAttribute.accessibilityPhrase', 'EAnnotation.accessibilityPhrase']].""]","['EAnnotation.accessibilityPhrase','EStringToStringMapEntry.documentation']","['EAttribute.accessibilityPhrase','EAnnotation.accessibilityPhrase']",EAttribute.accessibilityPhrase,False
23,23,23,experiment_samples/eclipse.e4!!bundles_org.eclipse.e4.ui.model.workbench_model_UIElements.ecore/test_samples.jsonl,"['EReference.descriptors','EAnnotation.descriptors']"," 2 0 ""{'changeType': 'Add', 'type': 'reference', 'referenceTypeName': 'details'}"" _ ""{'changeType': 'Add', 'type': 'object', 'className': 'EStringToStringMapEntry', 'attributes': {'id': '_XM4erN6tEei97MD7GK1RmA', 'key':'documentation','value':'<p>\\r\\n<strong>Developers</strong>:\\r\\nAdd more detailed documentation by editing this comment in \\r\\norg.eclipse.ui.model.workbench/model/UIElements.ecore. \\r\\nThere is a GenModel/documentation node under ea'}}""

$$",['Add_node'],"['EAnnotation.descriptors','EStringToStringMapEntry.documentation']","[""[EReference.descriptors, 'EAnnotation.descriptors'],['EAnnotation""]","['EAnnotation.descriptors','EStringToStringMapEntry.documentation']","[EReference.descriptors,'EAnnotation.descriptors']",,False
26,26,26,experiment_samples/eclipse.e4!!bundles_org.eclipse.e4.ui.model.workbench_model_UIElements.ecore/test_samples.jsonl,"['EAttribute.positionInParent','EAnnotation.positionInParent']"," 0 2 ""{'changeType': 'Add', 'type': 'reference', 'referenceTypeName': 'details'}"" _ ""{'changeType': 'Add', 'type': 'object', 'className': 'EStringToStringMapEntry', 'attributes': {'id': '_XM4dz96tEei97MD7GK1RmA', 'key':'documentation','value':'<p>\\r\\n<strong>Developers</strong>:\\r\\nAdd more detailed documentation by editing this comment in \\r\\norg.eclipse.ui.model.workbench/model/UIElements.ecore. \\r\\nThere is a GenModel/documentation node under ea'}}""

$$",['Add_node'],"['EAnnotation.positionInParent','EStringToStringMapEntry.documentation']","[""['EAttribute.positionInParent', 'EAttribute.positionInParent']].""]","['EAnnotation.positionInParent','EStringToStringMapEntry.documentation']","['EAttribute.positionInParent','EAttribute.positionInParent']",EAttribute.positionInParent,False
35,35,35,experiment_samples/modeling.gmp.gmf-tooling!!plugins_org.eclipse.gmf.map_models_gmfmap.ecore/test_samples.jsonl,"['EAnnotation.AuditedMetricTarget','EStringToStringMapEntry.def'],['EClass.AuditedMetricTarget','EAnnotation.AuditedMetricTarget']"," 1 3 ""{'changeType': 'Add', 'type': 'reference', 'referenceTypeName': 'details'}"" _ ""{'changeType': 'Add', 'type': 'object', 'className': 'EStringToStringMapEntry', 'attributes': {'id': '_bLm8jd6tEei97MD7GK1RmA', 'key':'ocl','value':''ecore::EDoubleObject''}}""

$$",['Add_node'],"['EAnnotation.AuditedMetricTarget','EStringToStringMapEntry.ocl']","[""['EAnnotation.AuditedMetricTarget', 'EStringToStringMapEntry"", ""['EClass.AuditedMetricValue', 'EAnnotation.Audited"", ""['EAnnotation.AuditedMetricTarget', 'EStringToMapEntry""]","['EAnnotation.AuditedMetricTarget','EStringToStringMapEntry.ocl']",,,False
36,36,36,experiment_samples/modeling.gmp.gmf-tooling!!plugins_org.eclipse.gmf.map_models_gmfmap.ecore/test_samples.jsonl,"['EAnnotation.element','EStringToStringMapEntry.description'],['EReference.element','EAnnotation.element']"," 1 0 ""{'changeType': 'Add', 'type': 'reference', 'referenceTypeName': 'details'}"" _ ""{'changeType': 'Add', 'type': 'object', 'className': 'EStringToStringMapEntry', 'attributes': {'id': '_bLm8bN6tEei97MD7GK1RmA', 'key':'ocl','value':'element.oclIsKindOf(notation::View)'}}""

$$",['Add_node'],"['EAnnotation.element','EStringToStringMapEntry.ocl']","[""['EAnnotation.element', 'EStringToStringMapEntry.type']].\n['"", ""['EReference.element', 'EAnnotation.element'],['EAnnotation.element', '"", ""['EAnnotation.element', 'EStringToStringMapEntry.value']].\n[['""]","['EAnnotation.element','EStringToStringMapEntry.ocl']","['EAnnotation.element','EStringToStringMapEntry.type']",EAnnotation.element,False
55,55,55,experiment_samples/science.eavp!!org.eclipse.eavp.geometry.view.model_model_org.eclipse.eavp.geometry.view.model.ecore/test_samples.jsonl,"['EClass.ColorOption','EAnnotation.ColorOption']"," 0 2 ""{'changeType': 'Add', 'type': 'reference', 'referenceTypeName': 'details'}"" _ ""{'changeType': 'Add', 'type': 'object', 'className': 'EStringToStringMapEntry', 'attributes': {'id': '_huJJqN6vEei97MD7GK1RmA', 'key':'documentation','value':'An option which will set the mesh's color. '}}""

$$",['Add_node'],"['EAnnotation.ColorOption','EStringToStringMapEntry.documentation']","[""['EClass.ColorOption', 'EAnnotation.ColorOption'],['EAnnotation.Color""]","['EAnnotation.ColorOption','EStringToStringMapEntry.documentation']","['EClass.ColorOption','EAnnotation.ColorOption']",EClass.ColorOption,False
58,58,58,experiment_samples/modeling.mmt.qvtd!!plugins_org.eclipse.qvtd.pivot.qvtcore_model_QVTcore.ecore/test_samples.jsonl,"['EAnnotation.validateOppositePropertyIsImplicit','EStringToStringMapEntry.body'],['EOperation.validateOppositePropertyIsImplicit','EAnnotation.validateOppositePropertyIsImplicit'],['EOperation.validateOppositePropertyIsImplicit','EAnnotation.validateOppositePropertyIsImplicit']"," 2 3 ""{'changeType': 'Add', 'type': 'reference', 'referenceTypeName': 'details'}"" _ ""{'changeType': 'Add', 'type': 'object', 'className': 'EStringToStringMapEntry', 'attributes': {'id': '_Jqtlxd6vEei97MD7GK1RmA', 'key':'body','value':'\\n\\tgetReferredTargetProperty().isImplicit\\n\\t\\n'}}""

$$",['Add_node'],"['EAnnotation.validateOppositePropertyIsImplicit','EStringToStringMapEntry.body']","[""['EAnnotation.validateOppositePropertyIsImplicit', 'EStringToStringMap"", ""['EAnnotation.validateOppositePropertyIsImplicit', 'EOperation.validateOpp"", ""['EAnnotation.validateOppositePropertyIsImplicit', 'EOperation.validateOpp"", ""['EAnnotation.validateOppositePropertyIsImplicit', 'EStringToStringMap"", ""['EAnnotation.validateOppositePropertyIsImplicit', 'EStringToStringMap"", ""['EOperation.validateOppositePropertyDoesntExist', 'EAnnotation.validate"", ""['EAnnotation.validateOppositePropertyIsImplicit', 'EStringToStringMap""]","['EAnnotation.validateOppositePropertyIsImplicit','EStringToStringMapEntry.body']",,,False
63,63,63,experiment_samples/modeling.mmt.qvtd!!plugins_org.eclipse.qvtd.xtext.qvtrelation_model_QVTrelationCS.ecore/test_samples.jsonl,"['EClass.TemplateCS','EReference.guardExpression']"," 0 1 ""{'changeType': 'Add', 'type': 'reference', 'referenceTypeName': 'eStructuralFeatures'}"" _ ""{'changeType': 'Add', 'type': 'object', 'className': 'EReference', 'attributes': {'id': '_Z580Y96vEei97MD7GK1RmA', 'name':'ownedGuardExpression','ordered':'true','unique':'true','lowerBound':'0','upperBound':'1','many':'false','required':'false','eType':'ExpCS','eGenericType':'org.eclipse.emf.ecore.impl.EGenericTypeImpl@2f6460b9 (expression: ExpCS)','changeable':'true','volatile':'false','transient':'false','unsettable':'false','derived':'false','eContainingClass':'TemplateCS','containment':'true','container':'false','resolveProxies':'true','eReferenceType':'ExpCS'}}""

$$",['Add_node'],"['EClass.TemplateCS','EReference.ownedGuardExpression']","[""['EClass.TemplateCS', 'EReference.guardExpression'], ['E""]","['EClass.TemplateCS','EReference.ownedGuardExpression']","['EClass.TemplateCS','EReference.guardExpression']",EClass.TemplateCS,False
68,68,68,experiment_samples/modeling.emft.edapt!!plugins_org.eclipse.emf.edapt.declaration_model_declaration.ecore/test_samples.jsonl,"['EAttribute.breaking','EAnnotation.breaking'],['EClass.Operation','EAttribute.breaking']"," 1 2 ""{'changeType': 'Add', 'type': 'reference', 'referenceTypeName': 'details'}"" _ ""{'changeType': 'Add', 'type': 'object', 'className': 'EStringToStringMapEntry', 'attributes': {'id': '_ZqYZO96tEei97MD7GK1RmA', 'key':'documentation','value':'Whether this operation may cause existing models to need migration. '}}""

$$",['Add_node'],"['EAnnotation.breaking','EStringToStringMapEntry.documentation']","[""['EAnnotation.breaking', 'EAttribute.breaking']].\n\nHow to"", ""['EClass.Operation', 'EAttribute.breaking']]. \n\nAnd the"", ""['EAttribute.breaking', 'EAnnotation.terminative']].\n['""]","['EAnnotation.breaking','EStringToStringMapEntry.documentation']","['EAnnotation.breaking','EAttribute.breaking']",EAttribute.breaking,False
100,100,100,experiment_samples/modeling.mdt.uml2!!plugins_org.eclipse.uml2.uml_model_UML.ecore/test_samples.jsonl,," 0 4 ""{'changeType': 'Add', 'type': 'reference', 'referenceTypeName': 'details'}"" _ ""{'changeType': 'Add', 'type': 'object', 'className': 'EStringToStringMapEntry', 'attributes': {'id': '_nsWuMt6tEei97MD7GK1RmA', 'key':'documentation','value':'Activity groups are a generic grouping construct for nodes and edges. Nodes and edges can belong to more than one group.\\n\\nThey have no inherent semantics and can be used for various purposes. Subclass'}}""

$$",['Add_node']," 0 4 ""{'changeType': 'Add', 'type': 'reference', 'referenceTypeName': 'details'}"" _ ""{'changeType': 'Add', 'type': 'object', 'className': 'EStringToStringMapEntry', 'attributes': {'id': '_nsWuMt6tEei97MD7GK1RmA', 'key':'documentation','value':'Activity groups are a generic grouping construct for nodes and edges. Nodes and edges can belong to more than one group.\\n\\nThey have no inherent semantics and can be used for various purposes. Subclass'}}""

$$",,,,,True
105,105,105,experiment_samples/modeling.mdt.uml2!!plugins_org.eclipse.uml2.uml_model_UML.ecore/test_samples.jsonl,"['EAnnotation.type_and_ordering','EStringToStringMapEntry.documentation'],['EOperation.type_and_ordering','EAnnotation.type_and_ordering'],['EOperation.type_and_ordering','EAnnotation.type_and_ordering']"," 2 1 ""{'changeType': 'Add', 'type': 'reference', 'referenceTypeName': 'details'}"" _ ""{'changeType': 'Add', 'type': 'object', 'className': 'EStringToStringMapEntry', 'attributes': {'id': '_2Y__6t6tEei97MD7GK1RmA', 'key':'documentation','value':'The type and ordering of the result OutputPin are the same as the type and ordering of the variable.\\nresult.type =variable.type and \\nresult.isOrdered = variable.isOrdered'}}""

$$",['Add_node'],"['EAnnotation.type_and_ordering','EStringToStringMapEntry.documentation']","[""['EAnnotation.type_and_ordering', 'EAnnotation.type_and_ordering"", ""['EAnnotation.type_and_ordering','EOperation.type_and_ordering']"", ""['EAnnotation.type_and_ordering', 'EAnnotation.type_and_ordering"", ""['EAnnotation.type_and_ordering', 'EStringToStringMapEntry.documentation"", ""['EAnnotation.type_and_ordering', 'EAnnotation.type_and_ordering"", ""['EOperation.type_and_ordering', 'EAnnotation.type_and_ordering"", ""['EAnnotation.type_and_ordering', 'EAnnotation.type_and_ordering""]","['EAnnotation.type_and_ordering','EStringToStringMapEntry.documentation']",,EAnnotation.type_and_ordering,False
106,106,106,experiment_samples/modeling.mdt.uml2!!plugins_org.eclipse.uml2.uml_model_UML.ecore/test_samples.jsonl,"['EAnnotation.ownedParameter','EStringToStringMapEntry.documentation'],['EReference.ownedParameter','EAnnotation.ownedParameter'],['EReference.ownedParameter','EAnnotation.ownedParameter']"," 2 4 ""{'changeType': 'Add', 'type': 'reference', 'referenceTypeName': 'details'}"" _ ""{'changeType': 'Add', 'type': 'object', 'className': 'EStringToStringMapEntry', 'attributes': {'id': '_wIGjjN6tEei97MD7GK1RmA', 'key':'documentation','value':'References a list of parameters to the behavior which describes the order and type of arguments that can be given when the behavior is invoked and of the values which will be returned when the behavio'}}""

$$",['Add_node'],"['EAnnotation.ownedParameter','EStringToStringMapEntry.documentation']","[""['EAnnotation.ownedParameter', 'EStringToStringMapEntry.name'],"", ""['EReference.ownedParameter.ownedParameter', 'EAnnotation."", ""['EAnnotation.ownedResource', 'EReference.ownedResource']"", ""['EAnnotation.ownedParameter', 'EStringToStringMapEntry']\n['"", ""['EAnnotation.ownedParameter', 'EStringToStringMapEntry.name'],"", ""['EReference.ownedParameter', 'EReference.ownedParameter"", ""['EAnnotation.ownedElement', 'EAnnotation.ownedParameter'].""]","['EAnnotation.ownedParameter','EStringToStringMapEntry.documentation']","['EAnnotation.ownedParameter','EStringToStringMapEntry.name']",EAnnotation.ownedParameter,False
110,110,110,experiment_samples/modeling.mdt.uml2!!plugins_org.eclipse.uml2.uml_model_UML.ecore/test_samples.jsonl,"['EAnnotation.multiplicity','EStringToStringMapEntry.documentation'],['EOperation.multiplicity','EAnnotation.multiplicity'],['EOperation.multiplicity','EAnnotation.multiplicity']"," 3 4 ""{'changeType': 'Add', 'type': 'reference', 'referenceTypeName': 'details'}"" _ ""{'changeType': 'Add', 'type': 'object', 'className': 'EStringToStringMapEntry', 'attributes': {'id': '_wIHKwd6tEei97MD7GK1RmA', 'key':'documentation','value':'The multiplicity of ExtensionEnd is 0..1 or 1.\\n(self->lowerBound() = 0 or self->lowerBound() = 1) and self->upperBound() = 1'}}""

$$",['Add_node'],"['EAnnotation.multiplicity','EStringToStringMapEntry.documentation']","[""['EAnnotation.multiplicity', 'EStringToStringMapEntry.documentation']"", ""['EAnnotation.effective', 'EOperation.effective']].\n\nThe results"", ""['EOperation', 'EAnnotation']].\n[['Professor', 'StaffMember"", ""['EAnnotation.multiplicity', 'EStringToStringMapEntry.key'],"", ""['EAnnotation.multivalued', 'EAnnotation.multiplicity.value'],"", ""['EAnnotation.multiplicity', 'EOperation.multiplicity']]."", ""['EAnnotation.multiplicity', 'EAnnotation.multiplicity.documentation']""]","['EAnnotation.multiplicity','EStringToStringMapEntry.documentation']","['EAnnotation.multiplicity','EStringToStringMapEntry.documentation']",EAnnotation.multiplicity,True
115,115,115,experiment_samples/modeling.mdt.uml2!!plugins_org.eclipse.uml2.uml_model_UML.ecore/test_samples.jsonl,"['EAnnotation.realizingClassifier','EStringToStringMapEntry.documentation'],['EReference.realizingClassifier','EAnnotation.realizingClassifier'],['EReference.realizingClassifier','EAnnotation.realizingClassifier']"," 2 4 ""{'changeType': 'Add', 'type': 'reference', 'referenceTypeName': 'details'}"" _ ""{'changeType': 'Add', 'type': 'object', 'className': 'EStringToStringMapEntry', 'attributes': {'id': '_0oCKXd6tEei97MD7GK1RmA', 'key':'documentation','value':'The classifiers that are involved in the implementation of the Component that owns this Realization.\\n<p>Merged from package UML (URI {@literal http://www.omg.org/spec/UML/20110701}).</p>'}}""

$$",['Add_node'],"['EAnnotation.realizingClassifier','EStringToStringMapEntry.documentation']","[""['EAnnotation.realizingClassifier', 'EStringToStringMapEntry.documentation']"", ""['EReference.realizingClassifier', 'EReference.realizingClassifier'],"", ""['EAnnotation.realizingClassifier', 'EReference.realizingClassifier']"", ""['EAnnotation.realizingClassifier', 'EStringToStringMapEntry.name'],"", ""['EAnnotation.realizingClassifiers', 'EStringToStringMapEntry.documentation"", ""['the', 'EAnnotation.realizingClassifier']].\n['EReference"", ""['EAnnotation.realizingClassifier', 'EStringToStringMapEntry.supplier""]","['EAnnotation.realizingClassifier','EStringToStringMapEntry.documentation']",,EAnnotation.realizingClassifier,False
117,117,117,experiment_samples/modeling.mdt.uml2!!plugins_org.eclipse.uml2.uml_model_UML.ecore/test_samples.jsonl,"['EAnnotation.result','EStringToStringMapEntry.documentation'],['EReference.result','EAnnotation.result'],['EReference.result','EAnnotation.result']"," 1 4 ""{'changeType': 'Add', 'type': 'reference', 'referenceTypeName': 'details'}"" _ ""{'changeType': 'Add', 'type': 'object', 'className': 'EStringToStringMapEntry', 'attributes': {'id': '_wIIBut6tEei97MD7GK1RmA', 'key':'documentation','value':'The pin on which are put the objects participating in the association at the end not specified by the inputs.'}}""

$$",['Add_node'],"['EAnnotation.result','EStringToStringMapEntry.documentation']","[""['EAnnotation.result', 'EStringToStringMapEntry.mapping']].\n[['"", ""['Annotation', 'Annotation'], ['EReference', 'Annotation']]."", ""['EReference.result', 'EAnnotation.result'], ['EReference"", ""['EAnnotation', 'EStringToStringMapEntry']].\n['EAnnotation"", ""['EAnnotation.result', 'EStringToStringMapEntry.title'], ['E"", ""['EReference.result', 'EAnnotation.result'], ['EReference"", ""['EAnnotation.result', 'EStringToStringMapEntry.literal']]].\n[['""]","['EAnnotation.result','EStringToStringMapEntry.documentation']","['EReference.result','EAnnotation.result']",EAnnotation.result,False
122,122,122,experiment_samples/modeling.mdt.uml2!!plugins_org.eclipse.uml2.uml_model_UML.ecore/test_samples.jsonl,"['EAnnotation.ownedEnd','EStringToStringMapEntry.documentation'],['EReference.ownedEnd','EAnnotation.ownedEnd'],['EReference.ownedEnd','EAnnotation.ownedEnd']"," 3 0 ""{'changeType': 'Add', 'type': 'reference', 'referenceTypeName': 'details'}"" _ ""{'changeType': 'Add', 'type': 'object', 'className': 'EStringToStringMapEntry', 'attributes': {'id': '_0oBymt6tEei97MD7GK1RmA', 'key':'documentation','value':'The ends that are owned by the association itself.\\n<p>Merged from package UML (URI {@literal http://www.omg.org/spec/UML/20110701}).</p>'}}""

$$",['Add_node'],"['EAnnotation.ownedEnd','EStringToStringMapEntry.documentation']","[""['EAnnotation.ownedEnd', 'EAnnotation.ownedEnd'], ['"", ""['EAnnotation.ownedEnd', 'EReference.ownedEnd']]."", ""['EReference.ownedEnd', 'EAnnotation.owningEnd"", ""['EAnnotation.ownedStart', 'EStringToStringMapEntry.documentation']"", ""['EAnnotation.ownedEnd', 'EAnnotation.ownedEnd.documentation']"", ""['EReference.ownedEnd', 'EAnnotation.ownedEnd']"", ""['EAnnotation.ownedEnd', 'EStringToStringMapEntry.name']""]","['EAnnotation.ownedEnd','EStringToStringMapEntry.documentation']","['EAnnotation.ownedEnd','EAnnotation.ownedEnd']",EAnnotation.ownedEnd,False
129,129,129,experiment_samples/modeling.mdt.uml2!!plugins_org.eclipse.uml2.uml_model_UML.ecore/test_samples.jsonl,"['EAnnotation.decider','EStringToStringMapEntry.documentation'],['EReference.decider','EAnnotation.decider'],['EReference.decider','EAnnotation.decider']"," 3 1 ""{'changeType': 'Add', 'type': 'reference', 'referenceTypeName': 'details'}"" _ ""{'changeType': 'Add', 'type': 'object', 'className': 'EStringToStringMapEntry', 'attributes': {'id': '_1u0yx96tEei97MD7GK1RmA', 'key':'documentation','value':'An OutputPin on an Action in the test section whose Boolean value determines whether to continue executing the loop bodyPart.\\n<p>From package UML::Actions.</p>'}}""

$$",['Add_node'],"['EAnnotation.decider','EStringToStringMapEntry.documentation']","[""['EAnnotation.decider', 'EStringToStringMapEntry.decider'],"", ""['EReference.decider', 'EAnnotation.decider'], ['DECIDER"", ""['EReference.decider', 'EAnnotation.decider'], ['ER"", ""['EAnnotation.decider', 'EStringToStringMapEntry.decider']"", ""['EAnnotation.decider', 'EAnnotation.decider'], ['EAnnotation"", ""['EReference.decider', 'EDocument.decider'], ['ED"", ""['EAnnotation.decider', 'EStringToStringMapEntry.documentation']].""]","['EAnnotation.decider','EStringToStringMapEntry.documentation']","['EAnnotation.decider','EStringToStringMapEntry.decider']",EAnnotation.decider,False
130,130,130,experiment_samples/modeling.mdt.uml2!!plugins_org.eclipse.uml2.uml_model_UML.ecore/test_samples.jsonl,"['EAnnotation.getUpper','EStringToStringMapEntry.suppressedVisibility'],['EOperation.getUpper','EAnnotation.getUpper'],['EOperation.getUpper','EAnnotation.getUpper'],['EAnnotation.getUpper','EStringToStringMapEntry.documentation']"," 0 4 ""{'changeType': 'Add', 'type': 'reference', 'referenceTypeName': 'details'}"" _ ""{'changeType': 'Add', 'type': 'object', 'className': 'EStringToStringMapEntry', 'attributes': {'id': '_t2OuOt6tEei97MD7GK1RmA', 'key':'documentation','value':'The derived upper attribute must equal the upperBound.\\r\\nresult = upperBound()'}}""

$$",['Add_node'],"['EAnnotation.getUpper','EStringToStringMapEntry.documentation']","[""['EAnnotation.getUpper', 'EStringToStringMapEntry.suppressedVisibility"", ""['EOperation.getUpper', 'EAnnotation.getUpper']].\n[['Cost"", ""['EAnnotation.getUpper', 'EAnnotation.getUpper']].\n[['E"", ""['EAnnotation.getUpper', 'EAnnotation.getLower']].\n['E"", ""['EAnnotation.getUpper', 'EStringToStringMapEntry.suppressedVisibility"", ""['EAnnotation.getLower', 'EStringToStringMapEntry.suppressedVisibility"", ""['EAnnotation.getUpper', 'EStringToStringMapEntry.suppressedVisibility"", ""['EOperation.getUpper', 'EOperation.getUpper'], ['EOperation"", ""['EOperation.getLower', 'EAnnotation.getLower']].\n['e"", ""['EOperation.getLower', 'EAnnotation.getLower'].\n['E"", ""['EAnnotation.getSuppressedVisibility', 'EStringToStringMapEntry.sup"", ""['EAnnotation.getUpper', 'EStringToStringMapEntry.suppressedVisibility"", ""['EAttribute.getUpper', 'EStringToStringMapEntry.suppressedVisibility"", ""['EOperation.getUpper', 'EAnnotation.getUpper'],['EOperation.get"", ""['EAnnotation.getUpper', 'EStringToStringMapEntry.suppressedVisibility""]","['EAnnotation.getUpper','EStringToStringMapEntry.documentation']",,EAnnotation.getUpper,False
131,131,131,experiment_samples/modeling.mdt.uml2!!plugins_org.eclipse.uml2.uml_model_UML.ecore/test_samples.jsonl,"['EAnnotation.multiplicity','EStringToStringMapEntry.documentation'],['EOperation.multiplicity','EAnnotation.multiplicity'],['EOperation.multiplicity','EAnnotation.multiplicity']"," 2 3 ""{'changeType': 'Add', 'type': 'reference', 'referenceTypeName': 'details'}"" _ ""{'changeType': 'Add', 'type': 'object', 'className': 'EStringToStringMapEntry', 'attributes': {'id': '_wIICvd6tEei97MD7GK1RmA', 'key':'documentation','value':'The multiplicity of the result output pin is 1..1.\\nself.result.multiplicity.is(1,1)'}}""

$$",['Add_node'],"['EAnnotation.multiplicity','EStringToStringMapEntry.documentation']","[""['EAnnotation.multiplicity', 'EStringToStringMapEntry']]."", ""['EOperation.multiplicity', 'EAnnotation.multiplicity'],['E"", ""['EAnnotation.multiplicity', 'EOperation.multiplicity']]."", ""['EAnnotation.multiplicity', 'EStringListOfStringMapEntry.documentation"", ""['EAnnotation.multiplicity', 'EAnnotation.multiplicity.documentation'],"", ""['EAnnotation.multiplicity', 'EOperation.multiplicity']]."", ""['EAnnotation.multiplicity', 'EAnnotation.multiplicity.documentation']""]","['EAnnotation.multiplicity','EStringToStringMapEntry.documentation']","['EAnnotation.multiplicity','EOperation.multiplicity']",EAnnotation.multiplicity,False
134,134,134,experiment_samples/modeling.mdt.uml2!!plugins_org.eclipse.uml2.uml_model_UML.ecore/test_samples.jsonl,"['EAnnotation.ends_of_association','EStringToStringMapEntry.documentation'],['EOperation.ends_of_association','EAnnotation.ends_of_association'],['EOperation.ends_of_association','EAnnotation.ends_of_association']"," 3 1 ""{'changeType': 'Add', 'type': 'reference', 'referenceTypeName': 'details'}"" _ ""{'changeType': 'Add', 'type': 'object', 'className': 'EStringToStringMapEntry', 'attributes': {'id': '_wIIB3d6tEei97MD7GK1RmA', 'key':'documentation','value':'The ends of the association must not be static.\\nself.end.association.memberEnd->forall(e | not e.isStatic)'}}""

$$",['Add_node'],"['EAnnotation.ends_of_association','EStringToStringMapEntry.documentation']","[""['EAnnotation.ends_of_association', 'EStringToStringMapEntry.base"", ""['EAnnotation.effective_begin', 'EAnnotation.effective_end']]."", ""['EOperation.ends_of_association', 'EAnnotation.ends_of_association"", ""['EAnnotation.ends_of_association', 'EStringToStringMapEntry.reference"", ""['DedicatedTo', 'EAnnotation']].\n['EAnnotation.ends"", ""['EOperation.ends_of_association', 'EAnnotation.ends_of_association"", ""['EAnnotation.end_of_association', 'EStringToStringMapEntry.documentation""]","['EAnnotation.ends_of_association','EStringToStringMapEntry.documentation']",,EAnnotation.effective_begin,False
142,142,142,experiment_samples/modeling.mdt.uml2!!plugins_org.eclipse.uml2.uml_model_UML.ecore/test_samples.jsonl,"['EAnnotation.type_is_classifier','EStringToStringMapEntry.documentation'],['EOperation.type_is_classifier','EAnnotation.type_is_classifier'],['EOperation.type_is_classifier','EAnnotation.type_is_classifier']"," 4 3 ""{'changeType': 'Add', 'type': 'reference', 'referenceTypeName': 'details'}"" _ ""{'changeType': 'Add', 'type': 'object', 'className': 'EStringToStringMapEntry', 'attributes': {'id': '_wIIBBN6tEei97MD7GK1RmA', 'key':'documentation','value':'The type of the result output pin is the classifier.\\ntrue'}}""

$$",['Add_node'],"['EAnnotation.type_is_classifier','EStringToStringMapEntry.documentation']","[""['EAnnotation.type_is_classifier', 'EStringToStringMapEntry.name']"", ""['EOperation.type_is_instance', 'EAnnotation.type_is_instance'], ['"", ""['EOperation.type_is_class', 'EAnnotation.type_is_class']]."", ""['EAnnotation.type_is_classifier', 'EStringToStringMapEntry.title']"", ""['EAnnotation.type_is_classifier', 'EStringToStringMapEntry.prefix']"", ""['EOperation.type_is_classifier', 'EAnnotation.type_is_classifier']]."", ""['EAnnotation.type_is_classifier', 'EStringToStringMapEntry.evaluation""]","['EAnnotation.type_is_classifier','EStringToStringMapEntry.documentation']","['EAnnotation.type_is_classifier','EStringToStringMapEntry.name']",EAnnotation.type_is_classifier,False
143,143,143,experiment_samples/modeling.mdt.uml2!!plugins_org.eclipse.uml2.uml_model_UML.ecore/test_samples.jsonl,"['EAnnotation.multiplicity','EStringToStringMapEntry.documentation'],['EOperation.multiplicity','EAnnotation.multiplicity'],['EOperation.multiplicity','EAnnotation.multiplicity']"," 3 2 ""{'changeType': 'Add', 'type': 'reference', 'referenceTypeName': 'details'}"" _ ""{'changeType': 'Add', 'type': 'object', 'className': 'EStringToStringMapEntry', 'attributes': {'id': '_1u02yd6tEei97MD7GK1RmA', 'key':'documentation','value':'The multiplicity of the InputPins is 1..1.\\nfirst.is(1,1) and second.is(1,1)\\n'}}""

$$",['Add_node'],"['EAnnotation.multiplicity','EStringToStringMapEntry.documentation']","[""['EAnnotation.multiplicity', 'EStringToStringMapEntry.evaluation"", ""['EAnnotation.multiplicity', 'EOperation.multiplicity']]."", ""['EOperation.multiplicity', 'EAnnotation.value'], ['EOperation"", ""['EAnnotation.multiplicity', 'EStringToStringMapEntry.documentation']"", ""['EAnnotation.multiplicity', 'EAnnotation.multiplicity.documentation']"", ""['EOperator.multiplicity', 'EAnnotation.multiplicity']]."", ""['EAnnotation.multiplicity', 'EAnnotation.multiplicity.documentation']""]","['EAnnotation.multiplicity','EStringToStringMapEntry.documentation']","['EAnnotation.multiplicity','EAnnotation.multiplicity.documentation']",EAnnotation.multiplicity,False
147,147,147,experiment_samples/modeling.mdt.uml2!!plugins_org.eclipse.uml2.uml_model_UML.ecore/test_samples.jsonl,"['EAnnotation.qualifier','EStringToStringMapEntry.documentation'],['EReference.qualifier','EAnnotation.qualifier'],['EReference.qualifier','EAnnotation.qualifier']"," 2 4 ""{'changeType': 'Add', 'type': 'reference', 'referenceTypeName': 'details'}"" _ ""{'changeType': 'Add', 'type': 'object', 'className': 'EStringToStringMapEntry', 'attributes': {'id': '_0oBzot6tEei97MD7GK1RmA', 'key':'documentation','value':'An optional list of ordered qualifier attributes for the end. If the list is empty, then the Association is not qualified.\\n<p>Merged from package UML (URI {@literal http://www.omg.org/spec/UML/2011070'}}""

$$",['Add_node'],"['EAnnotation.qualifier','EStringToStringMapEntry.documentation']","[""['EAnnotation.qualifier', 'EStringToStringMapEntry.name'], ['"", ""['EReference.qualifier', 'EAnnotation.qualifier'], ['ER"", ""['FAnnotation', 'Annotation'], ['EReference', 'Annotation']"", ""['EAnnotation.qualifier', 'EStringToStringMapEntry.category'], ['"", ""['EAnnotation.qualifier', 'EStringToStringMapEntry.name'], ['"", ""['EAnnotation.qualifier', 'EAnnotation.qualifier'], ['ERe"", ""['EAnnotation.qualifier', 'EAnnotation.qualifier']].\n['E""]","['EAnnotation.qualifier','EStringToStringMapEntry.documentation']","['EAnnotation.qualifier','EStringToStringMapEntry.name']",EAnnotation.qualifier,False
148,148,148,experiment_samples/modeling.mdt.uml2!!plugins_org.eclipse.uml2.uml_model_UML.ecore/test_samples.jsonl,"['EAnnotation.allow_access','EStringToStringMapEntry.documentation'],['EOperation.allow_access','EAnnotation.allow_access'],['EOperation.allow_access','EAnnotation.allow_access']"," 2 3 ""{'changeType': 'Add', 'type': 'reference', 'referenceTypeName': 'details'}"" _ ""{'changeType': 'Add', 'type': 'object', 'className': 'EStringToStringMapEntry', 'attributes': {'id': '_wIH6g96tEei97MD7GK1RmA', 'key':'documentation','value':'The visibility of at least one end must allow access to the class using the action.\\ntrue'}}""

$$",['Add_node'],"['EAnnotation.allow_access','EStringToStringMapEntry.documentation']","[""['EAnnotation.allow_access', 'EStringToStringMapEntry.parameters']]."", ""['EOperation.allow_access', 'EAnnotation.allow_access']].\n[['Car"", ""['EOperation.allow_access', 'EAnnotation.allow_access']].\n['Employee"", ""['EAnnotation.allow_access', 'EAnnotation.allow_access'], ['EAnnotation"", ""['EAnnotation.allow_access', 'EAnnotation.allow_access']].\n\nGenerate missing"", ""['EOperation.allow_access', 'EAnnotation.allow_access']].\n['E"", ""['EAnnotation.allow_access', 'EAnnotation.allow_access']].\n['E""]","['EAnnotation.allow_access','EStringToStringMapEntry.documentation']","['EOperation.allow_access','EAnnotation.allow_access']",EAnnotation.allow_access,False
150,150,150,experiment_samples/modeling.mdt.uml2!!plugins_org.eclipse.uml2.uml_model_UML.ecore/test_samples.jsonl,"['EAnnotation.QualifierValue','EStringToStringMapEntry.documentation'],['EClass.QualifierValue','EAnnotation.QualifierValue'],['EClass.QualifierValue','EAnnotation.QualifierValue']"," 1 2 ""{'changeType': 'Add', 'type': 'reference', 'referenceTypeName': 'details'}"" _ ""{'changeType': 'Add', 'type': 'object', 'className': 'EStringToStringMapEntry', 'attributes': {'id': '_0oCL4t6tEei97MD7GK1RmA', 'key':'documentation','value':'A qualifier value is not an action. It is an element that identifies links. It gives a single qualifier within a link end data specification.\\n<p>Merged from package UML (URI {@literal http://www.omg.o'}}""

$$",['Add_node'],"['EAnnotation.QualifierValue','EStringToStringMapEntry.documentation']","[""['EAnnotation.QualifierValue', 'EStringToStringMapEntry.event'],"", ""['EClass.QualifierValue', 'EAnnotation.QualifierValue'],['E"", ""['EClass.QualifierValue', 'EClass.QualifierValue']]."", ""['EAnnotation.QualifierValue', 'EStringToLiteralMapEntry.documentation"", ""['EAnnotation.QualifierValue', 'EDataType'], ['EAnnotation.Qual"", ""['EClass.QualifierValue', 'EAnnotation.QualifierValue']]."", ""['EAnnotation.QualifierValue', 'EStringToStringMapEntry.arg']""]","['EAnnotation.QualifierValue','EStringToStringMapEntry.documentation']","['EClass.QualifierValue','EAnnotation.QualifierValue']",EAnnotation.QualifierValue,False
153,153,153,experiment_samples/modeling.mdt.uml2!!plugins_org.eclipse.uml2.uml_model_UML.ecore/test_samples.jsonl,"['EAnnotation.type','EStringToStringMapEntry.documentation'],['EReference.type','EAnnotation.type'],['EReference.type','EAnnotation.type']"," 1 4 ""{'changeType': 'Add', 'type': 'reference', 'referenceTypeName': 'details'}"" _ ""{'changeType': 'Add', 'type': 'object', 'className': 'EStringToStringMapEntry', 'attributes': {'id': '_0oB2LN6tEei97MD7GK1RmA', 'key':'documentation','value':'This information is derived from the return result for this Operation.\\nSpecifies the return result of the operation, if present.\\n<p>Merged from package UML (URI {@literal http://www.omg.org/spec/UML/2'}}""

$$",['Add_node'],"['EAnnotation.type','EStringToStringMapEntry.documentation']","[""['EAnnotation.type', 'EStringToStringMapEntry.annotation'], ['E"", ""['EReference.type', 'EAnnotation.type'], ['EReference',"", ""['EAnnotation.type', 'EAnnotation.type'], ['EReference.type"", ""['EAnnotation.type', 'EAnnotation.type'], ['EAnnotation.type',"", ""['EAnnotation.type', 'EStringToStringMapEntry.documentation']].\n['"", ""['EAnnotation.type', 'EAnnotation.type'], ['EReference.type"", ""['EAnnotation.type', 'EStringToStringMapEntry.authorship']].""]","['EAnnotation.type','EStringToStringMapEntry.documentation']","['EAnnotation.type','EAnnotation.type']",EAnnotation.type,False
154,154,154,experiment_samples/modeling.mdt.uml2!!plugins_org.eclipse.uml2.uml_model_UML.ecore/test_samples.jsonl,"['EAnnotation.Type','EStringToStringMapEntry.documentation'],['EClass.Type','EAnnotation.Type'],['EClass.Type','EAnnotation.Type']"," 2 1 ""{'changeType': 'Add', 'type': 'reference', 'referenceTypeName': 'details'}"" _ ""{'changeType': 'Add', 'type': 'object', 'className': 'EStringToStringMapEntry', 'attributes': {'id': '_0oBvft6tEei97MD7GK1RmA', 'key':'documentation','value':'A type is a named element that is used as the type for a typed element. A type can be contained in a package.\\nA type constrains the values represented by a typed element.\\n<p>Merged from package UML (U'}}""

$$",['Add_node'],"['EAnnotation.Type','EStringToStringMapEntry.documentation']","[""['EAnnotation.Type', 'EAnnotation.Type']].\n['EAnnotation.Document"", ""['EClass.Type', 'EAnnotation.Type'],['EClass.Type', '"", ""['EClass', 'EAnnotation'], ['EClass', 'EAnnotation"", ""['EAnnotation.Type', 'EAnnotation.Type']].\n['EAnnotation.Type"", ""['EAnnotation.Type', 'EObjectToStringMapEntry.documentation']].\n['"", ""['EClass.Type', 'EAnnotation.Type'],['Annotation', 'EAnnotation"", ""['EAnnotation.Type', 'EAnnotation.association'], ['EAnnotation.""]","['EAnnotation.Type','EStringToStringMapEntry.documentation']","['EAnnotation.Type','EAnnotation.Type']",EAnnotation.Type,False
156,156,156,experiment_samples/modeling.mdt.uml2!!plugins_org.eclipse.uml2.uml_model_UML.ecore/test_samples.jsonl,"['EAnnotation.LiteralNull','EStringToStringMapEntry.documentation'],['EClass.LiteralNull','EAnnotation.LiteralNull'],['EClass.LiteralNull','EAnnotation.LiteralNull']"," 2 1 ""{'changeType': 'Add', 'type': 'reference', 'referenceTypeName': 'details'}"" _ ""{'changeType': 'Add', 'type': 'object', 'className': 'EStringToStringMapEntry', 'attributes': {'id': '_oBpnAt6tEei97MD7GK1RmA', 'key':'documentation','value':'A literal null specifies the lack of a value.'}}""

$$",['Add_node'],"['EAnnotation.LiteralNull','EStringToStringMapEntry.documentation']","[""['EAnnotation.LiteralNull', 'EAnnotation.LiteralNull']]."", ""['EAnnotation.Property', 'EAnnotation.LiteralNull']].\n['E"", ""['EClass.LiteralNone', 'EAnnotation.LiteralNone']]."", ""['EAnnotation.LiteralNull', 'EStringToStringMapEntry.references']"", ""['EAnnotation.LiteralNull', 'EStringToStringMapEntry.value']"", ""['EClass.LiteralNull', 'EAnnotation.LiteralNull']]."", ""['EAnnotation.LiteralNull', 'EAnnotation.LiteralNull']].""]","['EAnnotation.LiteralNull','EStringToStringMapEntry.documentation']","['EAnnotation.LiteralNull','EAnnotation.LiteralNull']",EAnnotation.LiteralNull,False
160,160,160,experiment_samples/modeling.mdt.uml2!!plugins_org.eclipse.uml2.uml_model_UML.ecore/test_samples.jsonl,"['EAnnotation.represented','EStringToStringMapEntry.documentation'],['EReference.represented','EAnnotation.represented'],['EReference.represented','EAnnotation.represented']"," 2 1 ""{'changeType': 'Add', 'type': 'reference', 'referenceTypeName': 'details'}"" _ ""{'changeType': 'Add', 'type': 'object', 'className': 'EStringToStringMapEntry', 'attributes': {'id': '_0oCQJd6tEei97MD7GK1RmA', 'key':'documentation','value':'Determines the classifiers that will specify the structure and nature of the information. An information item represents all its represented classifiers.\\n<p>Merged from package UML (URI {@literal http'}}""

$$",['Add_node'],"['EAnnotation.represented','EStringToStringMapEntry.documentation']","[""['EAnnotation.represented', 'EStringToStringMapEntry.relation"", ""['EAnnotation.represented', 'EAnnotation.represented'], ['"", ""['EReference.represented', 'EAnnotation.represented'],['"", ""['EAnnotation.represented', 'EAnnotation.represented']]."", ""['EAnnotation.represented', 'EStringToStringMapEntry.identifier'],"", ""['EAnnotation.represented', 'EAnnotation.represented']]."", ""['EAnnotation.represented', 'EStringToStringMapEntry.name']""]","['EAnnotation.represented','EStringToStringMapEntry.documentation']","['EAnnotation.represented','EAnnotation.represented']",EAnnotation.represented,False
166,166,166,experiment_samples/modeling.mdt.uml2!!plugins_org.eclipse.uml2.uml_model_UML.ecore/test_samples.jsonl,"['EAnnotation.toAfter','EStringToStringMapEntry.documentation'],['EReference.toAfter','EAnnotation.toAfter'],['EReference.toAfter','EAnnotation.toAfter']"," 1 4 ""{'changeType': 'Add', 'type': 'reference', 'referenceTypeName': 'details'}"" _ ""{'changeType': 'Add', 'type': 'object', 'className': 'EStringToStringMapEntry', 'attributes': {'id': '_0oCF396tEei97MD7GK1RmA', 'key':'documentation','value':'References the GeneralOrderings that specify EventOcurrences that must occur after this OccurrenceSpecification\\n<p>Merged from package UML (URI {@literal http://www.omg.org/spec/UML/20110701}).</p>'}}""

$$",['Add_node'],"['EAnnotation.toAfter','EStringToStringMapEntry.documentation']","[""['EAnnotation.toBefore', 'EStringToStringMapEntry.documentation']]."", ""['EReference.toAfter', 'EAnnotation.toBefore'].\n['"", ""['EAnnotation.toAfter', 'EReference.toAfter']].\n\nCite"", ""['EAnnotation.toAfter', 'EStringToStringMapEntry.documentation'], ['"", ""['EAnnotation.toBefore', 'EStringToStringMapEntry.documentation']]."", ""['EReference.toBefore', 'EAnnotation.toBefore'], ['ER"", ""['EAnnotation.toBefore', 'EStringToStringMapEntry.documentation']].""]","['EAnnotation.toAfter','EStringToStringMapEntry.documentation']","['EAnnotation.toBefore','EStringToStringMapEntry.documentation']",EAnnotation.toBefore,False
171,171,171,experiment_samples/modeling.mdt.uml2!!plugins_org.eclipse.uml2.uml_model_UML.ecore/test_samples.jsonl,"['EAnnotation.Type','EStringToStringMapEntry.documentation'],['EClass.Type','EAnnotation.Type'],['EClass.Type','EAnnotation.Type']"," 3 1 ""{'changeType': 'Add', 'type': 'reference', 'referenceTypeName': 'details'}"" _ ""{'changeType': 'Add', 'type': 'object', 'className': 'EStringToStringMapEntry', 'attributes': {'id': '_oBpbbd6tEei97MD7GK1RmA', 'key':'documentation','value':'A type is a named element that is used as the type for a typed element. A type can be contained in a package.\\r\\nA type constrains the values represented by a typed element.'}}""

$$",['Add_node'],"['EAnnotation.Type','EStringToStringMapEntry.documentation']","[""['EAnnotation.Type', 'EStringToStringMapEntry.value'], ['E"", ""['EClass', 'EAnnotation'], ['EClass', 'EAnnotation"", ""['Employee', 'EmployeeType'], ['Person', 'PersonType']]."", ""['EAnnotation.Type', 'EStringToStringMapEntry.evaluation']."", ""['EAnnotation.Type', 'EStringToStringMapEntry.name'], ['E"", ""['EClass', 'EAnnotation']].\n['EClass.Type', '"", ""['EAnnotation.Type', 'EAnnotation.Type'], ['EAnnotation.Type',""]","['EAnnotation.Type','EStringToStringMapEntry.documentation']","['EClass','EAnnotation']",EAnnotation.Type,False
181,181,181,experiment_samples/modeling.mdt.uml2!!plugins_org.eclipse.uml2.uml_model_UML.ecore/test_samples.jsonl,"['EAnnotation.class_behavior','EStringToStringMapEntry.documentation'],['EOperation.class_behavior','EAnnotation.class_behavior'],['EOperation.class_behavior','EAnnotation.class_behavior']"," 4 2 ""{'changeType': 'Add', 'type': 'reference', 'referenceTypeName': 'details'}"" _ ""{'changeType': 'Add', 'type': 'object', 'className': 'EStringToStringMapEntry', 'attributes': {'id': '_1u0VFd6tEei97MD7GK1RmA', 'key':'documentation','value':'If a behavior is classifier behavior, it does not have a specification.\\nclassifierBehavior->notEmpty() implies classifierBehavior.specification->isEmpty()'}}""

$$",['Add_node'],"['EAnnotation.class_behavior','EStringToStringMapEntry.documentation']","[""['EAnnotation.class_behavior', 'EStringToStringMapEntry.javadoc']"", ""['EOperation.class_behavior', 'EOperation.class_behavior']].\n['E"", ""['EAnnotation.class_behavior', 'EClass.class_behavior']].\n[['College"", ""['EAnnotation.class_behavior', 'EStringToStringMapEntry.class_name']"", ""['EAnnotation.class_behavior', 'EStringToStringMapEntry.text']]."", ""['EOperation.class_behavior', 'EAnnotation.class_behavior']].\n['E"", ""['EAnnotation.class_any', 'EAnnotation.class_behavior']].\n['E""]","['EAnnotation.class_behavior','EStringToStringMapEntry.documentation']","['EAnnotation.class_behavior','EStringToStringMapEntry.javadoc']",EAnnotation.class_behavior,False
184,184,184,experiment_samples/modeling.mdt.uml2!!plugins_org.eclipse.uml2.uml_model_UML.ecore/test_samples.jsonl,"['EClass.Extension','EOperation.getStereotype']"," 1 2 ""{'changeType': 'Add', 'type': 'reference', 'referenceTypeName': 'eOperations'}"" _ ""{'changeType': 'Add', 'type': 'object', 'className': 'EOperation', 'attributes': {'id': '_lU7gFt6tEei97MD7GK1RmA', 'name':'getStereotypeEnd','ordered':'false','unique':'true','lowerBound':'0','upperBound':'1','many':'false','required':'false','eType':'Property','eGenericType':'org.eclipse.emf.ecore.impl.EGenericTypeImpl@601a1733 (expression: Property)','eContainingClass':'Extension'}}""

$$",['Add_node'],"['EClass.Extension','EOperation.getStereotypeEnd']","[""['EClass.Extension', 'EClass.extension','EClass.Extension', '""]","['EClass.Extension','EOperation.getStereotypeEnd']",,,False
189,189,189,experiment_samples/modeling.mdt.uml2!!plugins_org.eclipse.uml2.uml_model_UML.ecore/test_samples.jsonl,"['EAnnotation.second','EStringToStringMapEntry.documentation'],['EReference.second','EAnnotation.second'],['EReference.second','EAnnotation.second']"," 1 2 ""{'changeType': 'Add', 'type': 'reference', 'referenceTypeName': 'details'}"" _ ""{'changeType': 'Add', 'type': 'object', 'className': 'EStringToStringMapEntry', 'attributes': {'id': '_0oJqiN6tEei97MD7GK1RmA', 'key':'documentation','value':'Gives the pin on which an object is placed.\\n<p>Merged from package UML (URI {@literal http://www.omg.org/spec/UML/20110701}).</p>'}}""

$$",['Add_node'],"['EAnnotation.second','EStringToStringMapEntry.documentation']","[""['EAnnotation.second', 'EStringToStringMapEntry.name']].\n['"", ""['EAnnotation.first', 'EReference.first']].\n[['EAnnotation.first"", ""['EReference.second', 'EReference.first'], ['ERe"", ""['EAnnotation.first', 'EStringToStringMapEntry.documentation']].\n[['"", ""['EAnnotation.second', 'EStringToStringMapEntry.value'], ['E"", ""['EReference.first', 'EAnnotation.first'].\n\nThe above is"", ""['EAnnotation.first', 'EStringToStringMapEntry.documentation']].\n['""]","['EAnnotation.second','EStringToStringMapEntry.documentation']","['EAnnotation.first','EStringToStringMapEntry.documentation']",EAnnotation.first,False
195,195,195,experiment_samples/modeling.mdt.uml2!!plugins_org.eclipse.uml2.uml_model_UML.ecore/test_samples.jsonl,"['EAnnotation.end_object_input_pin','EStringToStringMapEntry.documentation'],['EOperation.end_object_input_pin','EAnnotation.end_object_input_pin'],['EOperation.end_object_input_pin','EAnnotation.end_object_input_pin']"," 2 3 ""{'changeType': 'Add', 'type': 'reference', 'referenceTypeName': 'details'}"" _ ""{'changeType': 'Add', 'type': 'object', 'className': 'EStringToStringMapEntry', 'attributes': {'id': '_1u0tQ96tEei97MD7GK1RmA', 'key':'documentation','value':'The value InputPin is not also the qualifier value InputPin.\\nvalue->excludesAll(qualifier.value)'}}""

$$",['Add_node'],"['EAnnotation.end_object_input_pin','EStringToStringMapEntry.documentation']","[""['EAnnotation.start_object_input_pin', 'EStringToStringMapEntry.documentation"", ""['EOperation.end_object_output_pin', 'EAnnotation.end_object_output_pin"", ""['EOperation.end_object_output_pin', 'EAnnotation.end_object_output_pin"", ""['EAnnotation.end_object_input_pin', 'EAnnotation.end_object_input_pin"", ""['EAnnotation.start_object_input_pin', 'EStringToStringMapEntry.documentation"", ""['EAnnotation.end_object_input_pin', 'EAnnotation.end_object_input_pin"", ""['EAnnotation.end_object_input_pin', 'EAnnotation.end_object_input_pin""]","['EAnnotation.end_object_input_pin','EStringToStringMapEntry.documentation']",,,False
209,209,209,experiment_samples/modeling.mdt.uml2!!plugins_org.eclipse.uml2.uml_model_UML.ecore/test_samples.jsonl,"['EAnnotation.association_ends','EStringToStringMapEntry.documentation'],['EOperation.association_ends','EAnnotation.association_ends'],['EOperation.association_ends','EAnnotation.association_ends']"," 3 0 ""{'changeType': 'Add', 'type': 'reference', 'referenceTypeName': 'details'}"" _ ""{'changeType': 'Add', 'type': 'object', 'className': 'EStringToStringMapEntry', 'attributes': {'id': '_1u0bU96tEei97MD7GK1RmA', 'key':'documentation','value':'Ends of Associations with more than two ends must be owned by the Association itself.\\nmemberEnd->size() > 2 implies ownedEnd->includesAll(memberEnd)'}}""

$$",['Add_node'],"['EAnnotation.association_ends','EStringToStringMapEntry.documentation']","[""['EAnnotation.association_ends', 'EAnnotation.association_ends']]."", ""['EClass.association_ends', 'EAnnotation.association_ends']]."", ""['EAnnotation.association_ends', 'EObject.association_ends']."", ""['EAnnotation.association_ends', 'EStringToStringMapEntry.definition']"", ""['EAnnotation.association_ends', 'EAnnotation.association_ends']]\n['"", ""['EOperation.association_ends', 'EAnnotation.association_ends']]."", ""['EAnnotation.association_ends', 'EAnnotation.association_ends']].""]","['EAnnotation.association_ends','EStringToStringMapEntry.documentation']","['EAnnotation.association_ends','EAnnotation.association_ends']",EAnnotation.association_ends,False
212,212,212,experiment_samples/modeling.mdt.uml2!!plugins_org.eclipse.uml2.uml_model_UML.ecore/test_samples.jsonl,"['EAnnotation.binary_associations','EStringToStringMapEntry.documentation'],['EOperation.binary_associations','EAnnotation.binary_associations'],['EOperation.binary_associations','EAnnotation.binary_associations']"," 1 3 ""{'changeType': 'Add', 'type': 'reference', 'referenceTypeName': 'details'}"" _ ""{'changeType': 'Add', 'type': 'object', 'className': 'EStringToStringMapEntry', 'attributes': {'id': '_1u0o6t6tEei97MD7GK1RmA', 'key':'documentation','value':'UseCases can only be involved in binary Associations.\\nAssociation.allInstances()->forAll(a | a.memberEnd.type->includes(self) implies a.memberEnd->size() = 2)'}}""

$$",['Add_node'],"['EAnnotation.binary_associations','EStringToStringMapEntry.documentation']","[""['EAnnotation.binary_associations', 'EAnnotation.binary_associations']]."", ""['EClass.binary_associations'], ['EAnnotation.binary_associations']]."", ""['EAnnotation.binary_association', 'EAnnotation.semantic_tag'],\n['E"", ""['EAnnotation.binary_associations', 'EStringToStringMapEntry.booleanValue"", ""['EAnnotation.binary_associations', 'EStringStringMapEntry.documentation']"", ""['EAnnotation.binary_associations', 'EOperation.binary_associations']]."", ""['EAnnotation.binary_associations', 'EAnnotation.binary_associations']].""]","['EAnnotation.binary_associations','EStringToStringMapEntry.documentation']","['EAnnotation.binary_associations','EAnnotation.binary_associations']",EAnnotation.binary_associations,False
214,214,214,experiment_samples/modeling.mdt.uml2!!plugins_org.eclipse.uml2.uml_model_UML.ecore/test_samples.jsonl,"['EAnnotation.result','EStringToStringMapEntry.documentation'],['EReference.result','EAnnotation.result'],['EReference.result','EAnnotation.result']"," 1 2 ""{'changeType': 'Add', 'type': 'reference', 'referenceTypeName': 'details'}"" _ ""{'changeType': 'Add', 'type': 'object', 'className': 'EStringToStringMapEntry', 'attributes': {'id': '_0oJov96tEei97MD7GK1RmA', 'key':'documentation','value':'Gives the output pin on which the result is put.\\n<p>Merged from package UML (URI {@literal http://www.omg.org/spec/UML/20110701}).</p>'}}""

$$",['Add_node'],"['EAnnotation.result','EStringToStringMapEntry.documentation']","[""['EAnnotation.result', 'EAnnotationResult'], ['EAnnotation.result',"", ""['EAnnotation.result', 'EReference.result'], ['EAnnotation.result"", ""['EReference.comment', 'EAnnotation.comment'],['EAnnotation', '"", ""['EAnnotation.result', 'EAnnotation.result'], ['EAnnotation.result',"", ""['EAnnotation.result', 'EStringToStringMapEntry.associatedElement'],"", ""['EReference.source', 'EAnnotation.source']].\n['a family"", ""['EAnnotation.result', 'EStringToStringMapEntry.documentation'], ['E""]","['EAnnotation.result','EStringToStringMapEntry.documentation']","['EAnnotation.result','EAnnotationResult']",EAnnotation.result,False
220,220,220,experiment_samples/modeling.mdt.uml2!!plugins_org.eclipse.uml2.uml_model_UML.ecore/test_samples.jsonl,"['EAnnotation.substitutingClassifier','EStringToStringMapEntry.documentation'],['EReference.substitutingClassifier','EAnnotation.substitutingClassifier'],['EReference.substitutingClassifier','EAnnotation.substitutingClassifier']"," 3 1 ""{'changeType': 'Add', 'type': 'reference', 'referenceTypeName': 'details'}"" _ ""{'changeType': 'Add', 'type': 'object', 'className': 'EStringToStringMapEntry', 'attributes': {'id': '_0oB-5t6tEei97MD7GK1RmA', 'key':'documentation','value':'Instances of the substituting classifier are runtime substitutable where instances of the contract classifier are expected.\\n<p>Merged from package UML (URI {@literal http://www.omg.org/spec/UML/201107'}}""

$$",['Add_node'],"['EAnnotation.substitutingClassifier','EStringToStringMapEntry.documentation']","[""['EAnnotation.substitutingClassifier', 'EStringToStringMapEntry.lang"", ""['EReference.substitutingInstance', 'EAnnotation.substituting"", ""['EAnnotation.substitutingClassifier', 'EReference.substituting"", ""['EAnnotation.substitutingClassifier', 'EStringToStringMapEntry.value"", ""['EAnnotation.substitutingClassifier', 'EAnnotation.substitutingClassifier"", ""['EAnnotation.substitutingClassifier', 'EReference.substitutingClassifier"", ""['EAnnotation.substitutingClassifier', 'EAnnotation.substitutingClassifier""]","['EAnnotation.substitutingClassifier','EStringToStringMapEntry.documentation']",,,False
